Feature,Importance
GLUCOSE,0.22316170152089174
AGE,0.19318369018691062
CREATINI,0.18760020044796782
BMIBL,0.17597204568030844
NHOSP,0.1431852362964975
RACE,0.0521651364703648
SEX,0.0247319893970591
